India,Andhra Pradesh,Visakhapatnam
India,Andhra Pradesh,Vijayawada
India,Andhra Pradesh,Guntur
India,Andhra Pradesh,Nellore
India,Andhra Pradesh,Kurnool
India,Andhra Pradesh,Kadapa
India,Andhra Pradesh,Rajahmundry
India,Andhra Pradesh,Kakinada
India,Andhra Pradesh,Tirupati
India,Andhra Pradesh,Anantapur
India,Andhra Pradesh,Vizianagaram
India,Andhra Pradesh,Eluru
India,Andhra Pradesh,Ongole
India,Andhra Pradesh,Nandyal
India,Andhra Pradesh,Machilipatnam
India,Andhra Pradesh,Adoni
India,Andhra Pradesh,Tenali
India,Andhra Pradesh,Proddatur
India,Andhra Pradesh,Chittoor
India,Andhra Pradesh,Hindupur
India,Andhra Pradesh,Bhimavaram
India,Andhra Pradesh,Madanapalle
India,Andhra Pradesh,Guntakal
India,Andhra Pradesh,Srikakulam
India,Andhra Pradesh,Dharmavaram
India,Andhra Pradesh,Rayachoti
India,Andhra Pradesh,Gudivada
India,Andhra Pradesh,Narasaraopet
India,Andhra Pradesh,Tadipatri
India,Andhra Pradesh,Tadepalligudem
India,Andhra Pradesh,Amaravati
India,Andhra Pradesh,Chilakaluripet
India,Arunachal Pradesh,Aalo
India,Arunachal Pradesh,Anini
India,Arunachal Pradesh,Basar
India,Arunachal Pradesh,Boleng
India,Arunachal Pradesh,Bomdila
India,Arunachal Pradesh,Changlang
India,Arunachal Pradesh,Daporijo
India,Arunachal Pradesh,Deomali
India,Arunachal Pradesh,Dirang
India,Arunachal Pradesh,Hawai
India,Arunachal Pradesh,Itanagar
India,Arunachal Pradesh,Jairampur
India,Arunachal Pradesh,Khonsa
India,Arunachal Pradesh,Koloriang
India,Arunachal Pradesh,Longding
India,Arunachal Pradesh,Miao
India,Arunachal Pradesh,Naharlagun
India,Arunachal Pradesh,Namsai
India,Arunachal Pradesh,Pasighat
India,Arunachal Pradesh,Roing
India,Arunachal Pradesh,Rupa
India,Arunachal Pradesh,Sagalee
India,Arunachal Pradesh,Seppa
India,Arunachal Pradesh,Tawang
India,Arunachal Pradesh,Tezu
India,Arunachal Pradesh,Yingkiong
India,Arunachal Pradesh,Ziro
India,Assam,Guwahati
India,Assam,Silchar
India,Assam,Dibrugarh
India,Assam,Jorhat
India,Assam,Nagaon
India,Assam,Tinsukia
India,Assam,Tezpur
India,Bihar,Patna
India,Bihar,Gaya
India,Bihar,Bhagalpur
India,Bihar,Muzaffarpur
India,Bihar,Purnea
India,Bihar,Darbhanga
India,Bihar,Bihar Sharif
India,Bihar,Arrah
India,Bihar,Begusarai
India,Bihar,Katihar
India,Bihar,Munger
India,Bihar,Chhapra
India,Bihar,Danapur
India,Bihar,Bettiah
India,Bihar,Saharsa
India,Bihar,Sasaram
India,Bihar,Hajipur
India,Bihar,Dehri
India,Bihar,Siwan
India,Bihar,Motihari
India,Bihar,Nawada
India,Bihar,Bagaha
India,Bihar,Buxar
India,Bihar,Kishanganj
India,Bihar,Sitamarhi
India,Bihar,Jamalpur
India,Bihar,Jehanabad
India,Bihar,Aurangabad
India,Chhattisgarh,Raipur
India,Chhattisgarh,Durg
India,Chhattisgarh,Bilaspur
India,Chhattisgarh,Korba
India,Chhattisgarh,Rajnandgaon
India,Chhattisgarh,Raigarh
India,Chhattisgarh,Jagdalpur
India,Chhattisgarh,Ambikapur
India,Chhattisgarh,Chirmiri
India,Chhattisgarh,Pakhanjore
India,Chhattisgarh,Dhamtari
India,Chhattisgarh,Mahasamund
India,Goa,Bicholim
India,Goa,Canacona
India,Goa,Cuncolim
India,Goa,Curchorem
India,Goa,Mapusa
India,Goa,Margao
India,Goa,Mormugao
India,Goa,Panaji
India,Goa,Pernem
India,Goa,Ponda
India,Goa,Quepem
India,Goa,Sanguem
India,Goa,Sanquelim
India,Goa,Valpoi
India,Gujarat,Ahmedabad
India,Gujarat,Surat
India,Gujarat,Vadodara
India,Gujarat,Rajkot
India,Gujarat,Bhavnagar
India,Gujarat,Jamnagar
India,Gujarat,Junagadh
India,Gujarat,Gandhidham
India,Gujarat,Nadiad
India,Gujarat,Gandhinagar
India,Gujarat,Anand
India,Gujarat,Morbi
India,Gujarat,Mehsana
India,Gujarat,Surendranagar
India,Gujarat,Bharuch
India,Gujarat,Vapi
India,Gujarat,Navsari
India,Gujarat,Veraval
India,Gujarat,Porbandar
India,Gujarat,Godhra
India,Gujarat,Bhuj
India,Gujarat,Ankleshwar
India,Gujarat,Botad
India,Gujarat,Palanpur
India,Gujarat,Patan
India,Gujarat,Dahod
India,Gujarat,Jetpur
India,Gujarat,Valsad
India,Gujarat,Kalol
India,Gujarat,Gondal
India,Gujarat,Amreli
India,Haryana,Faridabad
India,Haryana,Gurgaon
India,Haryana,Panipat
India,Haryana,Ambala
India,Haryana,Yamunanagar
India,Haryana,Rohtak
India,Haryana,Hisar
India,Haryana,Karnal
India,Haryana,Sonipat
India,Haryana,Panchkula
India,Haryana,Bhiwani
India,Haryana,Sirsa
India,Haryana,Bahadurgarh
India,Haryana,Jind
India,Haryana,Thanesar
India,Haryana,Kaithal
India,Haryana,Rewari
India,Haryana,Palwal
India,Himachal Pradesh,Shimla
India,Himachal Pradesh,Kufri
India,Himachal Pradesh,Kullu Manali
India,Himachal Pradesh,Rohtang Pass
India,Himachal Pradesh,Dharamshala
India,Himachal Pradesh,Dalhousie
India,Himachal Pradesh,Khajjiar
India,Himachal Pradesh,Chail
India,Himachal Pradesh,Kasauli
India,Himachal Pradesh,Lahaul and Spiti
India,Himachal Pradesh,Solan
India,Himachal Pradesh,Palampur
India,Himachal Pradesh,Chamba
India,Himachal Pradesh,Kangra Valley
India,Himachal Pradesh,Hamirpur
India,Himachal Pradesh,Kinnaur
India,Himachal Pradesh,Mandi
India,Himachal Pradesh,Nahan
India,Himachal Pradesh,Nalagarh
India,Himachal Pradesh,Parwanoo
India,Himachal Pradesh,Pathankot
India,Himachal Pradesh,Pragpur
India,Himachal Pradesh,Una
India,Himachal Pradesh,Manali
India,Himachal Pradesh,Kullu
India,Himachal Pradesh,Spiti
India,Jammu and Kashmir,Srinagar
India,Jammu and Kashmir,Jammu
India,Jammu and Kashmir,Anantnag
India,Jharkhand,Jamshedpur
India,Jharkhand,Dhanbad
India,Jharkhand,Ranchi
India,Jharkhand,Bokaro Steel City
India,Jharkhand,Deoghar
India,Jharkhand,Phusro
India,Jharkhand,Hazaribagh
India,Jharkhand,Giridih
India,Jharkhand,Ramgarh
India,Jharkhand,Medininagar
India,Jharkhand,Chirkunda
India,Karnataka,Bagalkot
India,Karnataka,Bangalore
India,Karnataka,Bangalore Rural
India,Karnataka,Belgaum
India,Karnataka,Bellary
India,Karnataka,Bidar
India,Karnataka,Bijapur
India,Karnataka,Chamarajanagar
India,Karnataka,Chikkaballapura
India,Karnataka,Chikmagalur
India,Karnataka,Chitradurga
India,Karnataka,Dakshina Kannada
India,Karnataka,Davanagere
India,Karnataka,Dharwad
India,Karnataka,Gadag
India,Karnataka,Gulbarga
India,Karnataka,Hassan
India,Karnataka,Haveri
India,Karnataka,Kodagu
India,Karnataka,Kolar
India,Karnataka,Koppal
India,Karnataka,Mandya
India,Karnataka,Mysore
India,Karnataka,Raichur
India,Karnataka,Ramanagara
India,Karnataka,Shimoga
India,Karnataka,Tumkur
India,Karnataka,Udupi
India,Karnataka,Uttara Kannada
India,Karnataka,Yadgir
India,Kerala,Thiruvananthapuram
India,Kerala,Kochi
India,Kerala,Kozhikode
India,Kerala,Quilon
India,Kerala,Trichur
India,Kerala,Alappuzha
India,Kerala,Palakkad
India,Kerala,Malappuram
India,Kerala,Manjeri
India,Kerala,Tellicherry
India,Kerala,Ponnani
India,Kerala,Vatakara
India,Kerala,Kanhangad
India,Kerala,Taliparamba
India,Kerala,Payyanur
India,Kerala,Koyilandy
India,Kerala,Neyyattinkara
India,Kerala,Beypore
India,Kerala,Kayamkulam
India,Kerala,Kannur
India,Kerala,Nedumangad
India,Kerala,Tirurangadi
India,Kerala,Tirur
India,Kerala,Kottayam
India,Kerala,Nileshwaram
India,Kerala,Kasaragod
India,Kerala,Kunnamkulam
India,Kerala,Ottappalam
India,Kerala,Tiruvalla
India,Kerala,Adoor
India,Kerala,Perinthalmanna
India,Kerala,Chalakkudy
India,Kerala,Mattanur
India,Kerala,Punalur
India,Kerala,Kottarakara
India,Kerala,Cherthala
India,Kerala,Maradu
India,Kerala,Kottakkal
India,Kerala,Shornur
India,Kerala,Kattappana
India,Kerala,Manjeshwaram
India,Kerala,Uppala
India,Kerala,Pandalam
India,Kerala,Varkala
India,Kerala,Chavakkad
India,Kerala,Mananthavady
India,Kerala,Pathanamthitta
India,Kerala,Attingal
India,Kerala,Paravur
India,Kerala,Ramanattukara
India,Kerala,Kalamassery
India,Kerala,Anchal
India,Madhya Pradesh,Indore
India,Madhya Pradesh,Bhopal
India,Madhya Pradesh,Jabalpur
India,Madhya Pradesh,Gwalior
India,Madhya Pradesh,Ujjain
India,Madhya Pradesh,Sagar
India,Madhya Pradesh,Dewas
India,Madhya Pradesh,Satna
India,Madhya Pradesh,Ratlam
India,Madhya Pradesh,Rewa
India,Madhya Pradesh,Murwara (Katni)
India,Madhya Pradesh,Singrauli
India,Madhya Pradesh,Burhanpur
India,Madhya Pradesh,Khandwa
India,Madhya Pradesh,Bhind
India,Madhya Pradesh,Chhindwara
India,Madhya Pradesh,Guna
India,Madhya Pradesh,Shivpuri
India,Madhya Pradesh,Vidisha
India,Madhya Pradesh,Chhatarpur
India,Madhya Pradesh,Damoh
India,Madhya Pradesh,Mandsaur
India,Madhya Pradesh,Khargone
India,Madhya Pradesh,Neemuch
India,Madhya Pradesh,Pithampur
India,Madhya Pradesh,Hoshangabad
India,Madhya Pradesh,Itarsi
India,Madhya Pradesh,Sehore
India,Madhya Pradesh,Betul
India,Madhya Pradesh,Seoni
India,Madhya Pradesh,Datia
India,Madhya Pradesh,Nagda
India,Maharashtra,Mumbai
India,Maharashtra,Nagpur
India,Maharashtra,Pune
India,Maharashtra,Thane
India,Maharashtra,Nashik
India,Maharashtra,Aurangabad
India,Maharashtra,Solapur
India,Maharashtra,Kalyan-Dombivali
India,Maharashtra,Vasai-Virar
India,Maharashtra,Navi Mumbai
India,Maharashtra,Amravati
India,Maharashtra,Kolhapur
India,Maharashtra,Mira-Bhayandar
India,Maharashtra,Akola
India,Maharashtra,Bhiwandi-Nizampur
India,Maharashtra,Dhule
India,Maharashtra,Jalgaon
India,Maharashtra,Nanded-Waghala
India,Maharashtra,Latur
India,Maharashtra,Panvel
India,Maharashtra,Ulhasnagar
India,Maharashtra,Sangli-Miraj &amp; Kupwad
India,Maharashtra,Malegaon
India,Maharashtra,Ahmednagar
India,Maharashtra,Barshi
India,Maharashtra,Ichalkaranji
India,Maharashtra,Chandrapur
India,Manipur,Andro
India,Manipur,Bishnupur
India,Manipur,Chingangbam Leikai
India,Manipur,Heingang
India,Manipur,Heirok
India,Manipur,Hill Town
India,Manipur,Imphal
India,Manipur,Jiribam
India,Manipur,Kakching
India,Manipur,Kakching Khunou
India,Manipur,Kangpokpi
India,Manipur,Khongman
India,Manipur,Khurai Sajor Leikai
India,Manipur,Kiyamgei
India,Manipur,Kshetrigao
India,Manipur,Kumbi
India,Manipur,Kwakta
India,Manipur,Laipham Siphai
India,Manipur,Lairikyengbam Leikai
India,Manipur,Lamjaotongba
India,Manipur,Lamlai
India,Manipur,Lamsang
India,Manipur,Langjing
India,Manipur,"2""Lilong"""
India,Manipur,Luwangsangbam
India,Manipur,Mayang Imphal
India,Manipur,Moirang
India,Manipur,Moreh
India,Manipur,Nambol
India,Manipur,Naoriya Pakhanglakpa
India,Manipur,Ningthoukhong
India,Manipur,Oinam
India,Manipur,Porompat
India,Manipur,Rengkai
India,Manipur,Sagolband
India,Manipur,Samurou
India,Manipur,Sekmai Bazar
India,Manipur,Sikhong Sekmai
India,Manipur,Sugnu
India,Manipur,Takyel Mapal
India,Manipur,Tamenglong
India,Manipur,Thongju
India,Manipur,Thongkhong Laxmi Bazar
India,Manipur,Thoubal
India,Manipur,Torban
India,Manipur,Ukhrul
India,Manipur,Wangjing
India,Manipur,Wangoi
India,Manipur,Yairipok
India,Manipur,Zenhang Lamka
India,Meghalaya,Baghmara
India,Meghalaya,Cherrapunjee
India,Meghalaya,Jowai
India,Meghalaya,Lawsohtun
India,Meghalaya,Madanriting
India,Meghalaya,Mairang
India,Meghalaya,Mawlai
India,Meghalaya,Mawpat
India,Meghalaya,Nongkseh
India,Meghalaya,Nongmynsong
India,Meghalaya,Nongpoh
India,Meghalaya,Nongstoin
India,Meghalaya,Nongthymmai
India,Meghalaya,Pynthormukhrah
India,Meghalaya,Resubelpara
India,Meghalaya,Shillong
India,Meghalaya,Shillong Cantonment
India,Meghalaya,Tura
India,Meghalaya,Umlyngka
India,Meghalaya,Umpling
India,Meghalaya,Umroi
India,Meghalaya,Williamnagar
India,Mizoram,Aizawl
India,Mizoram,Bairabi
India,Mizoram,Biate
India,Mizoram,Champhai
India,Mizoram,Darlawn
India,Mizoram,Hnahthial
India,Mizoram,Khawhai
India,Mizoram,Khawzawl
India,Mizoram,Kolasib
India,Mizoram,Lawngtlai
India,Mizoram,Lengpui
India,Mizoram,Lunglei
India,Mizoram,Mamit
India,Mizoram,N. Kawnpui
India,Mizoram,North Vanlaiphai
India,Mizoram,Saiha
India,Mizoram,Sairang
India,Mizoram,Saitual
India,Mizoram,Serchhip
India,Mizoram,Thenzawl
India,Mizoram,Tlabung
India,Mizoram,Vairengte
India,Mizoram,Zawlnuam
India,Nagaland,Changtongya
India,Nagaland,Chumukedima
India,Nagaland,Dimapur
India,Nagaland,Diphupar 'A'
India,Nagaland,Jalukie
India,Nagaland,Kiphire
India,Nagaland,Kohima
India,Nagaland,Kohima Village
India,Nagaland,Kuda
India,Nagaland,Longleng
India,Nagaland,Medziphema
India,Nagaland,Mokokchung
India,Nagaland,Mon Town
India,Nagaland,Naginimora
India,Nagaland,Peren
India,Nagaland,Pfutsero
India,Nagaland,Phek
India,Nagaland,Puranabazar 'A'
India,Nagaland,Rangapahar
India,Nagaland,Satakha Hq.
India,Nagaland,Tseminyu
India,Nagaland,Tsudikong
India,Nagaland,Tuensang
India,Nagaland,Tuli
India,Nagaland,Wokha
India,Nagaland,Zunheboto
India,Odisha,Bhubaneswar
India,Odisha,Cuttack
India,Odisha,Rourkela
India,Odisha,Brahmapur
India,Odisha,Sambalpur
India,Odisha,Puri
India,Odisha,Balasore
India,Odisha,Bhadrak
India,Odisha,Baripada
India,Odisha,Jharsuguda
India,Odisha,Jeypore
India,Punjab,Abohar
India,Punjab,Adampur
India,Punjab,Ahmedgarh
India,Punjab,Ajnala
India,Punjab,Akalgarh
India,Punjab,Alawalpur
India,Punjab,Alhoran
India,Punjab,Amargarh
India,Punjab,Amloh
India,Punjab,Amritsar
India,Punjab,Amritsar Cantonment
India,Punjab,Anandpur Sahib
India,Punjab,Apra
India,Punjab,Aur
India,Punjab,Baba Bakala
India,Punjab,Baddowal
India,Punjab,Badhni Kalan
India,Punjab,Bagha Purana
India,Punjab,Balachaur
India,Punjab,Balongi
India,Punjab,Banga
India,Punjab,Banur
India,Punjab,Bareta
India,Punjab,Bariwala
India,Punjab,Barnala
India,Punjab,Baryar
India,Punjab,Bassi Pathana
India,Punjab,Batala
India,Punjab,Bathinda
India,Punjab,Begowal
India,Punjab,Behrampur
India,Punjab,Bhadaur
India,Punjab,Bhadson
India,Punjab,Bhagta Bhai Ka
India,Punjab,Bhamian Kalan
India,Punjab,Bhankharpur
India,Punjab,Bhattian
India,Punjab,Bhawanigarh
India,Punjab,Bhikhi
India,Punjab,Bhikhiwind
India,Punjab,Bhisiana
India,Punjab,Bhogpur
India,Punjab,Bhucho Mandi
India,Punjab,Bhulath
India,Punjab,Budha Theh
India,Punjab,Budhlada
India,Punjab,Bungal
India,Punjab,Chachoki
India,Punjab,Chamkaur Sahib
India,Punjab,Cheema
India,Punjab,Chogawan
India,Punjab,Chohal
India,Punjab,Chomon
India,Punjab,Daper
India,Punjab,Dasua
India,Punjab,Daulatpur
India,Punjab,Dera Baba Nanak
India,Punjab,Dera Bassi
India,Punjab,Dhaki
India,Punjab,Dhanaula
India,Punjab,Dharamkot
India,Punjab,Dhariwal
India,Punjab,Dhilwan
India,Punjab,Dhin
India,Punjab,Dhuri
India,Punjab,Dina Nagar
India,Punjab,Dirba
India,Punjab,Doraha
India,Punjab,Faridkot
India,Punjab,Fatehgarh Churian
India,Punjab,Fateh Nangal
India,Punjab,Fazilka
India,Punjab,Firozpur
India,Punjab,Firozpur Cantonment
India,Punjab,Gardhiwala
India,Punjab,Garhshankar
India,Punjab,Ghagga
India,Punjab,Ghanauli
India,Punjab,Ghanaur
India,Punjab,Ghoh
India,Punjab,Gidderbaha
India,Punjab,Gill
India,Punjab,Gobindgarh
India,Punjab,Goniana
India,Punjab,Goraya
India,Punjab,Gurdaspur
India,Punjab,Guru Har Sahai
India,Punjab,Halwara
India,Punjab,Handiaya
India,Punjab,Hariana
India,Punjab,Hazipur
India,Punjab,Hoshiarpur
India,Punjab,Hussainpur
India,Punjab,Jagraon
India,Punjab,Jaitu
India,Punjab,Jalalabad
India,Punjab,Jalandhar
India,Punjab,Jalandhar Cantonment
India,Punjab,"2""Jandiala"""
India,Punjab,Jodhan
India,Punjab,Jugial
India,Punjab,Kapurthala
India,Punjab,Kartarpur
India,Punjab,Kathanian
India,Punjab,Khamanon
India,Punjab,Khambra on Nakodar Road
India,Punjab,Khanauri
India,Punjab,Khanna
India,Punjab,Kharar
India,Punjab,Khem Karan
India,Punjab,Khilchian
India,Punjab,Khothran
India,Punjab,Korianwali
India,Punjab,Kot
India,Punjab,Kot Fatta
India,Punjab,Kot Ise Khan
India,Punjab,Kot Kapura
India,Punjab,Kotla Nihang
India,Punjab,Kurali
India,Punjab,Lalru
India,Punjab,Lehragaga
India,Punjab,Lohian Khass
India,Punjab,Longowal
India,Punjab,Ludhiana
India,Punjab,Machhiwara
India,Punjab,Mahilpur
India,Punjab,Majitha
India,Punjab,Makhu
India,Punjab,Malerkotla
India,Punjab,Malikpur
India,Punjab,Mallanwala Khass
India,Punjab,Maloud
India,Punjab,Malout
India,Punjab,Mamun
India,Punjab,Mansa
India,Punjab,Manwal
India,Punjab,Maur
India,Punjab,Mehna
India,Punjab,Mirpur
India,Punjab,Moga
India,Punjab,Moonak
India,Punjab,Morinda
India,Punjab,Mubarakpur
India,Punjab,Mudal
India,Punjab,Mudki
India,Punjab,Mukerian
India,Punjab,Muktsar
India,Punjab,Mullanpur Dakha
India,Punjab,Mullanpur Garib Dass
India,Punjab,Nabha
India,Punjab,Nakodar
India,Punjab,Nangal
India,Punjab,Nangli
India,Punjab,Narot Mehra
India,Punjab,Nawanshahr
India,Punjab,Naya Gaon
India,Punjab,Nehon
India,Punjab,Nilpur
India,Punjab,Nurmahal
India,Punjab,Partap Singhwala
India,Punjab,Pathankot
India,Punjab,Patiala
India,Punjab,Patran
India,Punjab,Patti
India,Punjab,Payal
India,Punjab,Phagwara
India,Punjab,Phagwara Sharki
India,Punjab,Phillaur
India,Punjab,Qadian
India,Punjab,Rahon
India,Punjab,Raikot
India,Punjab,Rail
India,Punjab,Raipur Rasulpur
India,Punjab,Raja Sansi
India,Punjab,Rajpura
India,Punjab,Rakri
India,Punjab,Raman
India,Punjab,Ramdas
India,Punjab,Rampura Phul
India,Punjab,Rayya
India,Punjab,Rupnagar
India,Punjab,Rurki Kasba
India,Punjab,Sahnewal
India,Punjab,Saloh
India,Punjab,Samana
India,Punjab,Samrala
India,Punjab,Sanaur
India,Punjab,Sangat
India,Punjab,Sangrur
India,Punjab,Sansarpur
India,Punjab,Sarai Khas
India,Punjab,Sardulgarh
India,Punjab,Sarna
India,Punjab,S.A.S. Nagar
India,Punjab,Satyewala
India,Punjab,Shahkot
India,Punjab,Sham ChaurasI
India,Punjab,Shikar
India,Punjab,Sirhind Fatehgarh Sahib
India,Punjab,Sohana
India,Punjab,Sri Hargobindpur
India,Punjab,Sufipind
India,Punjab,Sujanpur
India,Punjab,Sultanpur
India,Punjab,Sunam
India,Punjab,Talwandi Bhai
India,Punjab,Talwandi Sabo
India,Punjab,Talwara
India,Punjab,Tapa
India,Punjab,Tarn Taran
India,Punjab,Tharial
India,Punjab,Tharike
India,Punjab,Tibri
India,Punjab,Urmar Tanda
India,Punjab,Zira
India,Punjab,Zirakpur
India,Rajasthan,Jaipur
India,Rajasthan,Jodhpur
India,Rajasthan,Kota
India,Rajasthan,Bikaner
India,Rajasthan,Ajmer
India,Rajasthan,Udaipur
India,Rajasthan,Bhilwara
India,Rajasthan,Alwar
India,Rajasthan,Bharatpur
India,Rajasthan,Sikar
India,Rajasthan,Sri Ganganagar
India,Rajasthan,Pali
India,Rajasthan,Chittorgarh
India,Rajasthan,Tonk
India,Rajasthan,Kishangarh
India,Rajasthan,Beawar
India,Rajasthan,Hanumangarh
India,Rajasthan,Dholpur
India,Rajasthan,Gangapur city
India,Rajasthan,Sawai Madhopur
India,Rajasthan,Churu
India,Rajasthan,Jhunjhunu
India,Sikkim,Gangtok
India,Sikkim,Gyalshing
India,Sikkim,Jorethang
India,Sikkim,Mangan
India,Sikkim,Namchi
India,Sikkim,Nayabazar
India,Sikkim,Rangpo
India,Sikkim,Rhenak
India,Sikkim,Singtam
India,Tamil Nadu,Chennai
India,Tamil Nadu,Coimbatore
India,Tamil Nadu,Madurai
India,Tamil Nadu,Tiruchirappalli
India,Tamil Nadu,Tiruppur
India,Tamil Nadu,Salem
India,Tamil Nadu,Erode
India,Tamil Nadu,Vellore
India,Tamil Nadu,Tirunelveli
India,Tamil Nadu,Thoothukkudi
India,Tamil Nadu,Nagercoil
India,Tamil Nadu,Thanjavur
India,Tamil Nadu,Dindigul
India,Tamil Nadu,Cuddalore
India,Tamil Nadu,Kanchipuram
India,Tamil Nadu,Tiruvannamalai
India,Tamil Nadu,Kumbakonam
India,Tamil Nadu,Rajapalayam
India,Tamil Nadu,Pudukottai
India,Tamil Nadu,Hosur
India,Tamil Nadu,Ambur
India,Tamil Nadu,Karaikkudi
India,Tamil Nadu,Neyveli
India,Tamil Nadu,Nagapattinam
India,Telangana,Hyderabad
India,Telangana,Warangal
India,Telangana,Nizamabad
India,Telangana,Khammam
India,Telangana,Karimnagar
India,Telangana,Ramagundam
India,Telangana,Mahbubnagar
India,Telangana,Nalgonda
India,Telangana,Adilabad
India,Telangana,Suryapet
India,Telangana,Siddipet
India,Telangana,Miryalaguda
India,Tripura,Agartala
India,Tripura,Amarpur
India,Tripura,Belonia
India,Tripura,Dharmanagar
India,Tripura,Kailasahar
India,Tripura,Kamalpur
India,Tripura,Khowai
India,Tripura,Kumarghat
India,Tripura,Ranirbazar
India,Tripura,Sabroom
India,Tripura,Sonamura
India,Tripura,Teliamura
India,Tripura,Udaipur
India,Tripura,Bishalgarh
India,Tripura,Santirbazar
India,Tripura,Ambassa
India,Tripura,Jirania
India,Tripura,Mohanpur
India,Tripura,Melaghar
India,Tripura,Panisagar
India,Uttar Pradesh,Kanpur
India,Uttar Pradesh,Lucknow
India,Uttar Pradesh,Ghaziabad
India,Uttar Pradesh,Agra
India,Uttar Pradesh,Varanasi
India,Uttar Pradesh,Meerut
India,Uttar Pradesh,Allahabad
India,Uttar Pradesh,Bareilly
India,Uttar Pradesh,Aligarh
India,Uttar Pradesh,Moradabad
India,Uttar Pradesh,Saharanpur
India,Uttar Pradesh,Gorakhpur
India,Uttar Pradesh,Ayodhya
India,Uttar Pradesh,Jhansi
India,Uttar Pradesh,Muzaffarnagar
India,Uttar Pradesh,Mathura
India,Uttar Pradesh,Budaun
India,Uttar Pradesh,Rampur
India,Uttar Pradesh,Shahjahanpur
India,Uttar Pradesh,Farrukhabad
India,Uttar Pradesh,Maunath Bhanjan
India,Uttar Pradesh,Hapur
India,Uttar Pradesh,Noida
India,Uttar Pradesh,Etawah
India,Uttar Pradesh,Mirzapur
India,Uttar Pradesh,Bulandshahr
India,Uttar Pradesh,Sambhal
India,Uttar Pradesh,Amroha
India,Uttar Pradesh,Hardoi
India,Uttar Pradesh,Fatehpur
India,Uttar Pradesh,Raebareli
India,Uttar Pradesh,Orai
India,Uttar Pradesh,Sitapur
India,Uttar Pradesh,Bahraich
India,Uttar Pradesh,Modinagar
India,Uttar Pradesh,Unnao
India,Uttar Pradesh,Jaunpur
India,Uttar Pradesh,Lakhimpur
India,Uttar Pradesh,Hathras
India,Uttar Pradesh,Banda
India,Uttar Pradesh,Pilibhit
India,Uttar Pradesh,Mughalsarai
India,Uttar Pradesh,Barabanki
India,Uttar Pradesh,Khurja
India,Uttar Pradesh,Gonda
India,Uttar Pradesh,Mainpuri
India,Uttar Pradesh,Lalitpur
India,Uttar Pradesh,Etah
India,Uttar Pradesh,Deoria
India,Uttar Pradesh,Ujhani
India,Uttar Pradesh,Ghazipur
India,Uttar Pradesh,Sultanpur
India,Uttar Pradesh,Azamgarh
India,Uttar Pradesh,Bijnor
India,Uttar Pradesh,Sahaswan
India,Uttar Pradesh,Basti
India,Uttar Pradesh,Chandausi
India,Uttar Pradesh,Akbarpur
India,Uttar Pradesh,Ballia
India,Uttar Pradesh,Tanda
India,Uttar Pradesh,Greater Noida
India,Uttar Pradesh,Shikohabad
India,Uttar Pradesh,Shamli
India,Uttar Pradesh,Khair
India,Uttar Pradesh,Kasganj
India,Uttarakhand,Dehradun
India,Uttarakhand,Haridwar
India,Uttarakhand,Roorkee
India,Uttarakhand,Haldwani
India,Uttarakhand,Rudrapur
India,Uttarakhand,Kashipur
India,Uttarakhand,Rishikesh
India,Uttarakhand,Pithoragarh
India,Uttarakhand,Ramnagar
India,Uttarakhand,Kichha
India,Uttarakhand,Manglaur
India,Uttarakhand,Jaspur
India,Uttarakhand,Kotdwara
India,Uttarakhand,Nainital
India,Uttarakhand,Almora
India,Uttarakhand,Mussoorie
India,Uttarakhand,Sitarganj
India,Uttarakhand,Bazpur
India,Uttarakhand,Pauri
India,Uttarakhand,Tehri
India,Uttarakhand,Nagla
India,Uttarakhand,Laksar
India,Uttarakhand,Chamoli Gopeshwar
India,Uttarakhand,Umru Khurd
India,Uttarakhand,Srinagar
India,West Bengal,Kolkata
India,West Bengal,Asansol
India,West Bengal,Siliguri
India,West Bengal,Durgapur
India,West Bengal,Bardhaman
India,West Bengal,Malda
India,West Bengal,Baharampur
India,West Bengal,Habra
India,West Bengal,Kharagpur
India,West Bengal,Shantipur
India,West Bengal,Dankuni
India,West Bengal,Dhulian
India,West Bengal,Ranaghat
India,West Bengal,Haldia
India,West Bengal,Raiganj
India,West Bengal,Krishnanagar
India,West Bengal,Nabadwip
India,West Bengal,Medinipur
India,West Bengal,Jalpaiguri
India,West Bengal,Balurghat
India,West Bengal,Basirhat
India,West Bengal,Bankura
India,West Bengal,Chakdaha
India,West Bengal,Darjeeling
India,West Bengal,Alipurduar
India,West Bengal,Purulia
India,West Bengal,Jangipur
India,West Bengal,Bangaon
India,West Bengal,Cooch Behar
